ERR3328454,OK
ERR3328471,OK
SRR10008588,OK
SRR10008596,OK
SRR10008600,OK
SRR10008605,OK
SRR10008606,OK
SRR10008608,OK
SRR10008618,OK
SRR10008620,OK
SRR10008623,OK
SRR10008626,OK
SRR10008627,OK
SRR10008630,OK
SRR10008634,OK
SRR10008638,OK
SRR10008655,OK
SRR10008661,OK
SRR10008679,OK
SRR10008680,OK
SRR10008689,OK
SRR10008691,OK
SRR10008692,OK
SRR10008702,OK
SRR10008734,OK
SRR10008757,OK
SRR10008762,OK
SRR10008791,OK
SRR10008792,OK
SRR10008802,OK
SRR10008810,OK
SRR10008811,OK
SRR10008812,OK
SRR10008832,OK
SRR10008833,OK
SRR10008837,OK
SRR10008856,OK
SRR10008861,OK
SRR10008901,OK
SRR10008902,OK
SRR10008907,OK
SRR10008911,OK
SRR10008918,OK
SRR10008934,OK
SRR10008937,OK
SRR10008948,OK
SRR10008960,OK
SRR11035317,OK
SRR12091903,OK
SRR12334916,OK
SRR12334932,OK
SRR12334951,OK
SRR12334963,OK
SRR12334973,OK
