ERR4691988,OK
ERR4691989,OK
ERR4691990,OK
ERR4691991,OK
ERR4692044,OK
ERR4692045,OK
ERR4692047,OK
ERR4692046,OK
ERR4692040,OK
ERR4692041,OK
ERR4692043,OK
ERR4692028,OK
ERR4692029,OK
ERR4692030,OK
ERR4692031,OK
ERR4692008,OK
ERR4692009,OK
ERR4692010,OK
ERR4692004,OK
ERR4692032,OK
ERR4692033,OK
ERR4692007,OK
ERR4692034,OK
ERR4692035,OK
ERR4692006,OK
ERR4692021,OK
ERR4692023,OK
ERR4692022,OK
ERR4692024,OK
ERR4692025,OK
ERR4692027,OK
ERR4692026,OK
ERR4692012,OK
ERR4691992,OK
ERR4691993,OK
ERR4692016,OK
ERR4692013,OK
ERR4691994,OK
ERR4691995,OK
ERR4692015,OK
ERR4692014,OK
ERR4692017,OK
ERR4692019,OK
ERR4692018,OK
ERR4692052,OK
ERR4692053,OK
ERR4692055,OK
ERR4692054,OK
ERR4692056,OK
ERR4692057,OK
ERR4692059,OK
ERR4692058,OK
ERR4692036,OK
ERR4692037,OK
ERR4692039,OK
ERR4692038,OK
ERR4692048,OK
ERR4692049,OK
ERR4692051,OK
ERR4692050,OK
ERR4691996,OK
ERR4691997,OK
ERR4691999,OK
ERR4692000,OK
ERR4692001,OK
ERR4692003,OK
ERR4692002,OK
